<?xml version="1.0" encoding="UTF-8"?>
<GsmConfigs>
<!--  INDIA  -->
<MCC_MNC_404_28><Provider_Name>Aircel</Provider_Name><APN>aircelgprs</APN><User_Name></User_Name><Password></Password><CPIN></CPIN></MCC_MNC_404_28>
<MCC_MNC_404_25><Provider_Name>Aircel</Provider_Name><APN>aircelgprs</APN><User_Name></User_Name><Password></Password><CPIN></CPIN></MCC_MNC_404_25>
<MCC_MNC_404_17><Provider_Name>Aircel</Provider_Name><APN>aircelgprs</APN><User_Name></User_Name><Password></Password><CPIN></CPIN></MCC_MNC_404_17>
<MCC_MNC_404_42><Provider_Name>Aircel</Provider_Name><APN>aircelgprs</APN><User_Name></User_Name><Password></Password><CPIN></CPIN></MCC_MNC_404_42>
<MCC_MNC_404_33><Provider_Name>Aircel</Provider_Name><APN>aircelgprs</APN><User_Name></User_Name><Password></Password><CPIN></CPIN></MCC_MNC_404_33>
<MCC_MNC_404_29><Provider_Name>Aircel</Provider_Name><APN>aircelgprs</APN><User_Name></User_Name><Password></Password><CPIN></CPIN></MCC_MNC_404_29>
<MCC_MNC_404_41><Provider_Name>Aircel</Provider_Name><APN>aircelgprs</APN><User_Name></User_Name><Password></Password><CPIN></CPIN></MCC_MNC_404_41>
<MCC_MNC_404_35><Provider_Name>Aircel</Provider_Name><APN>aircelgprs</APN><User_Name></User_Name><Password></Password><CPIN></CPIN></MCC_MNC_404_35>
<MCC_MNC_404_37><Provider_Name>Aircel</Provider_Name><APN>aircelgprs</APN><User_Name></User_Name><Password></Password><CPIN></CPIN></MCC_MNC_404_37>
<MCC_MNC_404_91><Provider_Name>Aircel</Provider_Name><APN>aircelgprs</APN><User_Name></User_Name><Password></Password><CPIN></CPIN></MCC_MNC_404_91>
<MCC_MNC_405_801><Provider_Name>Aircel</Provider_Name><APN>aircelgprs</APN><User_Name></User_Name><Password></Password><CPIN></CPIN></MCC_MNC_405_801>
<MCC_MNC_405_800><Provider_Name>Aircel</Provider_Name><APN>aircelgprs</APN><User_Name></User_Name><Password></Password><CPIN></CPIN></MCC_MNC_405_800>
<MCC_MNC_405_802><Provider_Name>Aircel</Provider_Name><APN>aircelgprs</APN><User_Name></User_Name><Password></Password><CPIN></CPIN></MCC_MNC_405_802>
<MCC_MNC_405_807><Provider_Name>Aircel</Provider_Name><APN>aircelgprs</APN><User_Name></User_Name><Password></Password><CPIN></CPIN></MCC_MNC_405_807>
<MCC_MNC_405_803><Provider_Name>Aircel</Provider_Name><APN>aircelgprs</APN><User_Name></User_Name><Password></Password><CPIN></CPIN></MCC_MNC_405_803>
<MCC_MNC_405_809><Provider_Name>Aircel</Provider_Name><APN>aircelgprs</APN><User_Name></User_Name><Password></Password><CPIN></CPIN></MCC_MNC_405_809>
<MCC_MNC_405_808><Provider_Name>Aircel</Provider_Name><APN>aircelgprs</APN><User_Name></User_Name><Password></Password><CPIN></CPIN></MCC_MNC_405_808>
<MCC_MNC_405_804><Provider_Name>Aircel</Provider_Name><APN>aircelgprs</APN><User_Name></User_Name><Password></Password><CPIN></CPIN></MCC_MNC_405_804>
<MCC_MNC_405_805><Provider_Name>Aircel</Provider_Name><APN>aircelgprs</APN><User_Name></User_Name><Password></Password><CPIN></CPIN></MCC_MNC_405_805>
<MCC_MNC_405_812><Provider_Name>Aircel</Provider_Name><APN>aircelgprs</APN><User_Name></User_Name><Password></Password><CPIN></CPIN></MCC_MNC_405_812>
<MCC_MNC_405_806><Provider_Name>Aircel</Provider_Name><APN>aircelgprs</APN><User_Name></User_Name><Password></Password><CPIN></CPIN></MCC_MNC_405_806>
<MCC_MNC_405_810><Provider_Name>Aircel</Provider_Name><APN>aircelgprs</APN><User_Name></User_Name><Password></Password><CPIN></CPIN></MCC_MNC_405_810>
<MCC_MNC_405_811><Provider_Name>Aircel</Provider_Name><APN>aircelgprs</APN><User_Name></User_Name><Password></Password><CPIN></CPIN></MCC_MNC_405_811>
<MCC_MNC_404_28><Provider_Name>Aircel</Provider_Name><APN>aircelgprs.pr</APN><User_Name></User_Name><Password></Password><CPIN></CPIN></MCC_MNC_404_28>
<MCC_MNC_404_25><Provider_Name>Aircel</Provider_Name><APN>aircelgprs.pr</APN><User_Name></User_Name><Password></Password><CPIN></CPIN></MCC_MNC_404_25>
<MCC_MNC_404_17><Provider_Name>Aircel</Provider_Name><APN>aircelgprs.pr</APN><User_Name></User_Name><Password></Password><CPIN></CPIN></MCC_MNC_404_17>
<MCC_MNC_404_42><Provider_Name>Aircel</Provider_Name><APN>aircelgprs.pr</APN><User_Name></User_Name><Password></Password><CPIN></CPIN></MCC_MNC_404_42>
<MCC_MNC_404_33><Provider_Name>Aircel</Provider_Name><APN>aircelgprs.pr</APN><User_Name></User_Name><Password></Password><CPIN></CPIN></MCC_MNC_404_33>
<MCC_MNC_404_29><Provider_Name>Aircel</Provider_Name><APN>aircelgprs.pr</APN><User_Name></User_Name><Password></Password><CPIN></CPIN></MCC_MNC_404_29>
<MCC_MNC_404_41><Provider_Name>Aircel</Provider_Name><APN>aircelgprs.pr</APN><User_Name></User_Name><Password></Password><CPIN></CPIN></MCC_MNC_404_41>
<MCC_MNC_404_35><Provider_Name>Aircel</Provider_Name><APN>aircelgprs.pr</APN><User_Name></User_Name><Password></Password><CPIN></CPIN></MCC_MNC_404_35>
<MCC_MNC_404_37><Provider_Name>Aircel</Provider_Name><APN>aircelgprs.pr</APN><User_Name></User_Name><Password></Password><CPIN></CPIN></MCC_MNC_404_37>
<MCC_MNC_404_91><Provider_Name>Aircel</Provider_Name><APN>aircelgprs.pr</APN><User_Name></User_Name><Password></Password><CPIN></CPIN></MCC_MNC_404_91>
<MCC_MNC_405_801><Provider_Name>Aircel</Provider_Name><APN>aircelgprs.pr</APN><User_Name></User_Name><Password></Password><CPIN></CPIN></MCC_MNC_405_801>
<MCC_MNC_405_800><Provider_Name>Aircel</Provider_Name><APN>aircelgprs.pr</APN><User_Name></User_Name><Password></Password><CPIN></CPIN></MCC_MNC_405_800>
<MCC_MNC_405_802><Provider_Name>Aircel</Provider_Name><APN>aircelgprs.pr</APN><User_Name></User_Name><Password></Password><CPIN></CPIN></MCC_MNC_405_802>
<MCC_MNC_405_807><Provider_Name>Aircel</Provider_Name><APN>aircelgprs.pr</APN><User_Name></User_Name><Password></Password><CPIN></CPIN></MCC_MNC_405_807>
<MCC_MNC_405_803><Provider_Name>Aircel</Provider_Name><APN>aircelgprs.pr</APN><User_Name></User_Name><Password></Password><CPIN></CPIN></MCC_MNC_405_803>
<MCC_MNC_405_809><Provider_Name>Aircel</Provider_Name><APN>aircelgprs.pr</APN><User_Name></User_Name><Password></Password><CPIN></CPIN></MCC_MNC_405_809>
<MCC_MNC_405_808><Provider_Name>Aircel</Provider_Name><APN>aircelgprs.pr</APN><User_Name></User_Name><Password></Password><CPIN></CPIN></MCC_MNC_405_808>
<MCC_MNC_405_804><Provider_Name>Aircel</Provider_Name><APN>aircelgprs.pr</APN><User_Name></User_Name><Password></Password><CPIN></CPIN></MCC_MNC_405_804>
<MCC_MNC_405_805><Provider_Name>Aircel</Provider_Name><APN>aircelgprs.pr</APN><User_Name></User_Name><Password></Password><CPIN></CPIN></MCC_MNC_405_805>
<MCC_MNC_405_812><Provider_Name>Aircel</Provider_Name><APN>aircelgprs.pr</APN><User_Name></User_Name><Password></Password><CPIN></CPIN></MCC_MNC_405_812>
<MCC_MNC_405_806><Provider_Name>Aircel</Provider_Name><APN>aircelgprs.pr</APN><User_Name></User_Name><Password></Password><CPIN></CPIN></MCC_MNC_405_806>
<MCC_MNC_405_810><Provider_Name>Aircel</Provider_Name><APN>aircelgprs.pr</APN><User_Name></User_Name><Password></Password><CPIN></CPIN></MCC_MNC_405_810>
<MCC_MNC_405_811><Provider_Name>Aircel</Provider_Name><APN>aircelgprs.pr</APN><User_Name></User_Name><Password></Password><CPIN></CPIN></MCC_MNC_405_811>
<MCC_MNC_404_49><Provider_Name>AirTel</Provider_Name><APN>airtelgprs.com</APN><User_Name></User_Name><Password></Password><CPIN></CPIN></MCC_MNC_404_49>
<MCC_MNC_404_40><Provider_Name>AirTel</Provider_Name><APN>airtelgprs.com</APN><User_Name></User_Name><Password></Password><CPIN></CPIN></MCC_MNC_404_40>
<MCC_MNC_404_10><Provider_Name>AirTel</Provider_Name><APN>airtelgprs.com</APN><User_Name></User_Name><Password></Password><CPIN></CPIN></MCC_MNC_404_10>
<MCC_MNC_404_98><Provider_Name>AirTel</Provider_Name><APN>airtelgprs.com</APN><User_Name></User_Name><Password></Password><CPIN></CPIN></MCC_MNC_404_98>
<MCC_MNC_404_96><Provider_Name>AirTel</Provider_Name><APN>airtelgprs.com</APN><User_Name></User_Name><Password></Password><CPIN></CPIN></MCC_MNC_404_96>
<MCC_MNC_404_3><Provider_Name>AirTel</Provider_Name><APN>airtelgprs.com</APN><User_Name></User_Name><Password></Password><CPIN></CPIN></MCC_MNC_404_3>
<MCC_MNC_404_45><Provider_Name>AirTel</Provider_Name><APN>airtelgprs.com</APN><User_Name></User_Name><Password></Password><CPIN></CPIN></MCC_MNC_404_45>
<MCC_MNC_404_95><Provider_Name>AirTel</Provider_Name><APN>airtelgprs.com</APN><User_Name></User_Name><Password></Password><CPIN></CPIN></MCC_MNC_404_95>
<MCC_MNC_404_31><Provider_Name>AirTel</Provider_Name><APN>airtelgprs.com</APN><User_Name></User_Name><Password></Password><CPIN></CPIN></MCC_MNC_404_31>
<MCC_MNC_404_93><Provider_Name>AirTel</Provider_Name><APN>airtelgprs.com</APN><User_Name></User_Name><Password></Password><CPIN></CPIN></MCC_MNC_404_93>
<MCC_MNC_404_90><Provider_Name>AirTel</Provider_Name><APN>airtelgprs.com</APN><User_Name></User_Name><Password></Password><CPIN></CPIN></MCC_MNC_404_90>
<MCC_MNC_404_92><Provider_Name>AirTel</Provider_Name><APN>airtelgprs.com</APN><User_Name></User_Name><Password></Password><CPIN></CPIN></MCC_MNC_404_92>
<MCC_MNC_404_16><Provider_Name>AirTel</Provider_Name><APN>airtelgprs.com</APN><User_Name></User_Name><Password></Password><CPIN></CPIN></MCC_MNC_404_16>
<MCC_MNC_404_2><Provider_Name>AirTel</Provider_Name><APN>airtelgprs.com</APN><User_Name></User_Name><Password></Password><CPIN></CPIN></MCC_MNC_404_2>
<MCC_MNC_404_70><Provider_Name>AirTel</Provider_Name><APN>airtelgprs.com</APN><User_Name></User_Name><Password></Password><CPIN></CPIN></MCC_MNC_404_70>
<MCC_MNC_404_94><Provider_Name>AirTel</Provider_Name><APN>airtelgprs.com</APN><User_Name></User_Name><Password></Password><CPIN></CPIN></MCC_MNC_404_94>
<MCC_MNC_404_97><Provider_Name>AirTel</Provider_Name><APN>airtelgprs.com</APN><User_Name></User_Name><Password></Password><CPIN></CPIN></MCC_MNC_404_97>
<MCC_MNC_405_51><Provider_Name>AirTel</Provider_Name><APN>airtelgprs.com</APN><User_Name></User_Name><Password></Password><CPIN></CPIN></MCC_MNC_405_51>
<MCC_MNC_405_54><Provider_Name>AirTel</Provider_Name><APN>airtelgprs.com</APN><User_Name></User_Name><Password></Password><CPIN></CPIN></MCC_MNC_405_54>
<MCC_MNC_405_55><Provider_Name>AirTel</Provider_Name><APN>airtelgprs.com</APN><User_Name></User_Name><Password></Password><CPIN></CPIN></MCC_MNC_405_55>
<MCC_MNC_405_52><Provider_Name>AirTel</Provider_Name><APN>airtelgprs.com</APN><User_Name></User_Name><Password></Password><CPIN></CPIN></MCC_MNC_405_52>
<MCC_MNC_405_56><Provider_Name>AirTel</Provider_Name><APN>airtelgprs.com</APN><User_Name></User_Name><Password></Password><CPIN></CPIN></MCC_MNC_405_56>
<MCC_MNC_405_53><Provider_Name>AirTel</Provider_Name><APN>airtelgprs.com</APN><User_Name></User_Name><Password></Password><CPIN></CPIN></MCC_MNC_405_53>
<MCC_MNC_404_71><Provider_Name>BSNL</Provider_Name><APN>bsnlnet</APN><User_Name></User_Name><Password></Password><CPIN></CPIN></MCC_MNC_404_71>
<MCC_MNC_404_76><Provider_Name>BSNL</Provider_Name><APN>bsnlnet</APN><User_Name></User_Name><Password></Password><CPIN></CPIN></MCC_MNC_404_76>
<MCC_MNC_404_62><Provider_Name>BSNL</Provider_Name><APN>bsnlnet</APN><User_Name></User_Name><Password></Password><CPIN></CPIN></MCC_MNC_404_62>
<MCC_MNC_404_53><Provider_Name>BSNL</Provider_Name><APN>bsnlnet</APN><User_Name></User_Name><Password></Password><CPIN></CPIN></MCC_MNC_404_53>
<MCC_MNC_404_59><Provider_Name>BSNL</Provider_Name><APN>bsnlnet</APN><User_Name></User_Name><Password></Password><CPIN></CPIN></MCC_MNC_404_59>
<MCC_MNC_404_75><Provider_Name>BSNL</Provider_Name><APN>bsnlnet</APN><User_Name></User_Name><Password></Password><CPIN></CPIN></MCC_MNC_404_75>
<MCC_MNC_404_51><Provider_Name>BSNL</Provider_Name><APN>bsnlnet</APN><User_Name></User_Name><Password></Password><CPIN></CPIN></MCC_MNC_404_51>
<MCC_MNC_404_58><Provider_Name>BSNL</Provider_Name><APN>bsnlnet</APN><User_Name></User_Name><Password></Password><CPIN></CPIN></MCC_MNC_404_58>
<MCC_MNC_404_81><Provider_Name>BSNL</Provider_Name><APN>bsnlnet</APN><User_Name></User_Name><Password></Password><CPIN></CPIN></MCC_MNC_404_81>
<MCC_MNC_404_74><Provider_Name>BSNL</Provider_Name><APN>bsnlnet</APN><User_Name></User_Name><Password></Password><CPIN></CPIN></MCC_MNC_404_74>
<MCC_MNC_404_38><Provider_Name>BSNL</Provider_Name><APN>bsnlnet</APN><User_Name></User_Name><Password></Password><CPIN></CPIN></MCC_MNC_404_38>
<MCC_MNC_404_57><Provider_Name>BSNL</Provider_Name><APN>bsnlnet</APN><User_Name></User_Name><Password></Password><CPIN></CPIN></MCC_MNC_404_57>
<MCC_MNC_404_80><Provider_Name>BSNL</Provider_Name><APN>bsnlnet</APN><User_Name></User_Name><Password></Password><CPIN></CPIN></MCC_MNC_404_80>
<MCC_MNC_404_73><Provider_Name>BSNL</Provider_Name><APN>bsnlnet</APN><User_Name></User_Name><Password></Password><CPIN></CPIN></MCC_MNC_404_73>
<MCC_MNC_404_34><Provider_Name>BSNL</Provider_Name><APN>bsnlnet</APN><User_Name></User_Name><Password></Password><CPIN></CPIN></MCC_MNC_404_34>
<MCC_MNC_404_66><Provider_Name>BSNL</Provider_Name><APN>bsnlnet</APN><User_Name></User_Name><Password></Password><CPIN></CPIN></MCC_MNC_404_66>
<MCC_MNC_404_55><Provider_Name>BSNL</Provider_Name><APN>bsnlnet</APN><User_Name></User_Name><Password></Password><CPIN></CPIN></MCC_MNC_404_55>
<MCC_MNC_404_72><Provider_Name>BSNL</Provider_Name><APN>bsnlnet</APN><User_Name></User_Name><Password></Password><CPIN></CPIN></MCC_MNC_404_72>
<MCC_MNC_404_77><Provider_Name>BSNL</Provider_Name><APN>bsnlnet</APN><User_Name></User_Name><Password></Password><CPIN></CPIN></MCC_MNC_404_77>
<MCC_MNC_404_64><Provider_Name>BSNL</Provider_Name><APN>bsnlnet</APN><User_Name></User_Name><Password></Password><CPIN></CPIN></MCC_MNC_404_64>
<MCC_MNC_404_54><Provider_Name>BSNL</Provider_Name><APN>bsnlnet</APN><User_Name></User_Name><Password></Password><CPIN></CPIN></MCC_MNC_404_54>
<MCC_MNC_404_22><Provider_Name>Idea Cellular Ltd.</Provider_Name><APN>internet</APN><User_Name></User_Name><Password></Password><CPIN></CPIN></MCC_MNC_404_22>
<MCC_MNC_404_78><Provider_Name>Idea Cellular Ltd.</Provider_Name><APN>internet</APN><User_Name></User_Name><Password></Password><CPIN></CPIN></MCC_MNC_404_78>
<MCC_MNC_404_7><Provider_Name>Idea Cellular Ltd.</Provider_Name><APN>internet</APN><User_Name></User_Name><Password></Password><CPIN></CPIN></MCC_MNC_404_7>
<MCC_MNC_404_4><Provider_Name>Idea Cellular Ltd.</Provider_Name><APN>internet</APN><User_Name></User_Name><Password></Password><CPIN></CPIN></MCC_MNC_404_4>
<MCC_MNC_404_24><Provider_Name>Idea Cellular Ltd.</Provider_Name><APN>internet</APN><User_Name></User_Name><Password></Password><CPIN></CPIN></MCC_MNC_404_24>
<MCC_MNC_404_12><Provider_Name>Idea Cellular Ltd.</Provider_Name><APN>internet</APN><User_Name></User_Name><Password></Password><CPIN></CPIN></MCC_MNC_404_12>
<MCC_MNC_404_82><Provider_Name>Idea Cellular Ltd.</Provider_Name><APN>internet</APN><User_Name></User_Name><Password></Password><CPIN></CPIN></MCC_MNC_404_82>
<MCC_MNC_404_44><Provider_Name>Idea Cellular Ltd.</Provider_Name><APN>internet</APN><User_Name></User_Name><Password></Password><CPIN></CPIN></MCC_MNC_404_44>
<MCC_MNC_404_19><Provider_Name>Idea Cellular Ltd.</Provider_Name><APN>internet</APN><User_Name></User_Name><Password></Password><CPIN></CPIN></MCC_MNC_404_19>
<MCC_MNC_404_14><Provider_Name>Idea Cellular Ltd.</Provider_Name><APN>internet</APN><User_Name></User_Name><Password></Password><CPIN></CPIN></MCC_MNC_404_14>
<MCC_MNC_404_87><Provider_Name>Idea Cellular Ltd.</Provider_Name><APN>internet</APN><User_Name></User_Name><Password></Password><CPIN></CPIN></MCC_MNC_404_87>
<MCC_MNC_404_89><Provider_Name>Idea Cellular Ltd.</Provider_Name><APN>internet</APN><User_Name></User_Name><Password></Password><CPIN></CPIN></MCC_MNC_404_89>
<MCC_MNC_404_56><Provider_Name>Idea Cellular Ltd.</Provider_Name><APN>internet</APN><User_Name></User_Name><Password></Password><CPIN></CPIN></MCC_MNC_404_56>
<MCC_MNC_405_908><Provider_Name>Idea Cellular Ltd.</Provider_Name><APN>internet</APN><User_Name></User_Name><Password></Password><CPIN></CPIN></MCC_MNC_405_908>
<MCC_MNC_405_845><Provider_Name>Idea Cellular Ltd.</Provider_Name><APN>internet</APN><User_Name></User_Name><Password></Password><CPIN></CPIN></MCC_MNC_405_845>
<MCC_MNC_405_70><Provider_Name>Idea Cellular Ltd.</Provider_Name><APN>internet</APN><User_Name></User_Name><Password></Password><CPIN></CPIN></MCC_MNC_405_70>
<MCC_MNC_405_909><Provider_Name>Idea Cellular Ltd.</Provider_Name><APN>internet</APN><User_Name></User_Name><Password></Password><CPIN></CPIN></MCC_MNC_405_909>
<MCC_MNC_405_910><Provider_Name>Idea Cellular Ltd.</Provider_Name><APN>internet</APN><User_Name></User_Name><Password></Password><CPIN></CPIN></MCC_MNC_405_910>
<MCC_MNC_405_846><Provider_Name>Idea Cellular Ltd.</Provider_Name><APN>internet</APN><User_Name></User_Name><Password></Password><CPIN></CPIN></MCC_MNC_405_846>
<MCC_MNC_405_847><Provider_Name>Idea Cellular Ltd.</Provider_Name><APN>internet</APN><User_Name></User_Name><Password></Password><CPIN></CPIN></MCC_MNC_405_847>
<MCC_MNC_405_848><Provider_Name>Idea Cellular Ltd.</Provider_Name><APN>internet</APN><User_Name></User_Name><Password></Password><CPIN></CPIN></MCC_MNC_405_848>
<MCC_MNC_405_911><Provider_Name>Idea Cellular Ltd.</Provider_Name><APN>internet</APN><User_Name></User_Name><Password></Password><CPIN></CPIN></MCC_MNC_405_911>
<MCC_MNC_405_849><Provider_Name>Idea Cellular Ltd.</Provider_Name><APN>internet</APN><User_Name></User_Name><Password></Password><CPIN></CPIN></MCC_MNC_405_849>
<MCC_MNC_405_799><Provider_Name>Idea Cellular Ltd.</Provider_Name><APN>internet</APN><User_Name></User_Name><Password></Password><CPIN></CPIN></MCC_MNC_405_799>
<MCC_MNC_405_850><Provider_Name>Idea Cellular Ltd.</Provider_Name><APN>internet</APN><User_Name></User_Name><Password></Password><CPIN></CPIN></MCC_MNC_405_850>
<MCC_MNC_405_851><Provider_Name>Idea Cellular Ltd.</Provider_Name><APN>internet</APN><User_Name></User_Name><Password></Password><CPIN></CPIN></MCC_MNC_405_851>
<MCC_MNC_405_852><Provider_Name>Idea Cellular Ltd.</Provider_Name><APN>internet</APN><User_Name></User_Name><Password></Password><CPIN></CPIN></MCC_MNC_405_852>
<MCC_MNC_405_853><Provider_Name>Idea Cellular Ltd.</Provider_Name><APN>internet</APN><User_Name></User_Name><Password></Password><CPIN></CPIN></MCC_MNC_405_853>
<MCC_MNC_405_854><Provider_Name>Jio</Provider_Name><APN>jionet</APN><User_Name></User_Name><Password></Password><CPIN></CPIN></MCC_MNC_405_854>
<MCC_MNC_405_855><Provider_Name>Jio</Provider_Name><APN>jionet</APN><User_Name></User_Name><Password></Password><CPIN></CPIN></MCC_MNC_405_855>
<MCC_MNC_405_856><Provider_Name>91</Provider_Name><APN>jionet</APN><User_Name></User_Name><Password></Password><CPIN></CPIN></MCC_MNC_405_856>
<MCC_MNC_405_857><Provider_Name>Jio</Provider_Name><APN>jionet</APN><User_Name></User_Name><Password></Password><CPIN></CPIN></MCC_MNC_405_857>
<MCC_MNC_405_858><Provider_Name>Jio</Provider_Name><APN>jionet</APN><User_Name></User_Name><Password></Password><CPIN></CPIN></MCC_MNC_405_858>
<MCC_MNC_405_859><Provider_Name>Jio</Provider_Name><APN>jionet</APN><User_Name></User_Name><Password></Password><CPIN></CPIN></MCC_MNC_405_859>
<MCC_MNC_405_860><Provider_Name>Jio</Provider_Name><APN>jionet</APN><User_Name></User_Name><Password></Password><CPIN></CPIN></MCC_MNC_405_860>
<MCC_MNC_405_861><Provider_Name>Jio</Provider_Name><APN>jionet</APN><User_Name></User_Name><Password></Password><CPIN></CPIN></MCC_MNC_405_861>
<MCC_MNC_405_862><Provider_Name>Jio</Provider_Name><APN>jionet</APN><User_Name></User_Name><Password></Password><CPIN></CPIN></MCC_MNC_405_862>
<MCC_MNC_405_863><Provider_Name>Jio</Provider_Name><APN>jionet</APN><User_Name></User_Name><Password></Password><CPIN></CPIN></MCC_MNC_405_863>
<MCC_MNC_405_864><Provider_Name>Jio</Provider_Name><APN>jionet</APN><User_Name></User_Name><Password></Password><CPIN></CPIN></MCC_MNC_405_864>
<MCC_MNC_405_865><Provider_Name>Jio</Provider_Name><APN>jionet</APN><User_Name></User_Name><Password></Password><CPIN></CPIN></MCC_MNC_405_865>
<MCC_MNC_405_866><Provider_Name>Jio</Provider_Name><APN>jionet</APN><User_Name></User_Name><Password></Password><CPIN></CPIN></MCC_MNC_405_866>
<MCC_MNC_405_867><Provider_Name>Jio</Provider_Name><APN>jionet</APN><User_Name></User_Name><Password></Password><CPIN></CPIN></MCC_MNC_405_867>
<MCC_MNC_405_868><Provider_Name>Jio</Provider_Name><APN>jionet</APN><User_Name></User_Name><Password></Password><CPIN></CPIN></MCC_MNC_405_868>
<MCC_MNC_405_869><Provider_Name>Jio</Provider_Name><APN>jionet</APN><User_Name></User_Name><Password></Password><CPIN></CPIN></MCC_MNC_405_869>
<MCC_MNC_405_870><Provider_Name>Jio</Provider_Name><APN>jionet</APN><User_Name></User_Name><Password></Password><CPIN></CPIN></MCC_MNC_405_870>
<MCC_MNC_405_871><Provider_Name>Jio</Provider_Name><APN>jionet</APN><User_Name></User_Name><Password></Password><CPIN></CPIN></MCC_MNC_405_871>
<MCC_MNC_405_872><Provider_Name>Jio</Provider_Name><APN>jionet</APN><User_Name></User_Name><Password></Password><CPIN></CPIN></MCC_MNC_405_872>
<MCC_MNC_405_873><Provider_Name>Jio</Provider_Name><APN>jionet</APN><User_Name></User_Name><Password></Password><CPIN></CPIN></MCC_MNC_405_873>
<MCC_MNC_405_874><Provider_Name>Jio</Provider_Name><APN>jionet</APN><User_Name></User_Name><Password></Password><CPIN></CPIN></MCC_MNC_405_874>
<MCC_MNC_405_840><Provider_Name>Jio</Provider_Name><APN>jionet</APN><User_Name></User_Name><Password></Password><CPIN></CPIN></MCC_MNC_405_840>
<MCC_MNC_404_9><Provider_Name>Reliance</Provider_Name><APN>rcomnet</APN><User_Name></User_Name><Password></Password><CPIN></CPIN></MCC_MNC_404_9>
<MCC_MNC_404_36><Provider_Name>Reliance</Provider_Name><APN>rcomnet</APN><User_Name></User_Name><Password></Password><CPIN></CPIN></MCC_MNC_404_36>
<MCC_MNC_404_18><Provider_Name>Reliance</Provider_Name><APN>rcomnet</APN><User_Name></User_Name><Password></Password><CPIN></CPIN></MCC_MNC_404_18>
<MCC_MNC_404_83><Provider_Name>Reliance</Provider_Name><APN>rcomnet</APN><User_Name></User_Name><Password></Password><CPIN></CPIN></MCC_MNC_404_83>
<MCC_MNC_404_67><Provider_Name>Reliance</Provider_Name><APN>rcomnet</APN><User_Name></User_Name><Password></Password><CPIN></CPIN></MCC_MNC_404_67>
<MCC_MNC_404_50><Provider_Name>Reliance</Provider_Name><APN>rcomnet</APN><User_Name></User_Name><Password></Password><CPIN></CPIN></MCC_MNC_404_50>
<MCC_MNC_404_52><Provider_Name>Reliance</Provider_Name><APN>rcomnet</APN><User_Name></User_Name><Password></Password><CPIN></CPIN></MCC_MNC_404_52>
<MCC_MNC_404_85><Provider_Name>Reliance</Provider_Name><APN>rcomnet</APN><User_Name></User_Name><Password></Password><CPIN></CPIN></MCC_MNC_404_85>
<MCC_MNC_405_1><Provider_Name>Reliance</Provider_Name><APN>rcomnet</APN><User_Name></User_Name><Password></Password><CPIN></CPIN></MCC_MNC_405_1>
<MCC_MNC_405_3><Provider_Name>Reliance</Provider_Name><APN>rcomnet</APN><User_Name></User_Name><Password></Password><CPIN></CPIN></MCC_MNC_405_3>
<MCC_MNC_405_4><Provider_Name>Reliance</Provider_Name><APN>rcomnet</APN><User_Name></User_Name><Password></Password><CPIN></CPIN></MCC_MNC_405_4>
<MCC_MNC_405_5><Provider_Name>Reliance</Provider_Name><APN>rcomnet</APN><User_Name></User_Name><Password></Password><CPIN></CPIN></MCC_MNC_405_5>
<MCC_MNC_405_6><Provider_Name>Reliance</Provider_Name><APN>rcomnet</APN><User_Name></User_Name><Password></Password><CPIN></CPIN></MCC_MNC_405_6>
<MCC_MNC_405_7><Provider_Name>Reliance</Provider_Name><APN>rcomnet</APN><User_Name></User_Name><Password></Password><CPIN></CPIN></MCC_MNC_405_7>
<MCC_MNC_405_8><Provider_Name>Reliance</Provider_Name><APN>rcomnet</APN><User_Name></User_Name><Password></Password><CPIN></CPIN></MCC_MNC_405_8>
<MCC_MNC_405_9><Provider_Name>Reliance</Provider_Name><APN>rcomnet</APN><User_Name></User_Name><Password></Password><CPIN></CPIN></MCC_MNC_405_9>
<MCC_MNC_405_10><Provider_Name>Reliance</Provider_Name><APN>rcomnet</APN><User_Name></User_Name><Password></Password><CPIN></CPIN></MCC_MNC_405_10>
<MCC_MNC_405_11><Provider_Name>Reliance</Provider_Name><APN>rcomnet</APN><User_Name></User_Name><Password></Password><CPIN></CPIN></MCC_MNC_405_11>
<MCC_MNC_405_12><Provider_Name>Reliance</Provider_Name><APN>rcomnet</APN><User_Name></User_Name><Password></Password><CPIN></CPIN></MCC_MNC_405_12>
<MCC_MNC_405_13><Provider_Name>Reliance</Provider_Name><APN>rcomnet</APN><User_Name></User_Name><Password></Password><CPIN></CPIN></MCC_MNC_405_13>
<MCC_MNC_405_14><Provider_Name>Reliance</Provider_Name><APN>rcomnet</APN><User_Name></User_Name><Password></Password><CPIN></CPIN></MCC_MNC_405_14>
<MCC_MNC_405_15><Provider_Name>Reliance</Provider_Name><APN>rcomnet</APN><User_Name></User_Name><Password></Password><CPIN></CPIN></MCC_MNC_405_15>
<MCC_MNC_405_17><Provider_Name>Reliance</Provider_Name><APN>rcomnet</APN><User_Name></User_Name><Password></Password><CPIN></CPIN></MCC_MNC_405_17>
<MCC_MNC_405_18><Provider_Name>Reliance</Provider_Name><APN>rcomnet</APN><User_Name></User_Name><Password></Password><CPIN></CPIN></MCC_MNC_405_18>
<MCC_MNC_405_19><Provider_Name>Reliance</Provider_Name><APN>rcomnet</APN><User_Name></User_Name><Password></Password><CPIN></CPIN></MCC_MNC_405_19>
<MCC_MNC_405_20><Provider_Name>Reliance</Provider_Name><APN>rcomnet</APN><User_Name></User_Name><Password></Password><CPIN></CPIN></MCC_MNC_405_20>
<MCC_MNC_405_21><Provider_Name>Reliance</Provider_Name><APN>rcomnet</APN><User_Name></User_Name><Password></Password><CPIN></CPIN></MCC_MNC_405_21>
<MCC_MNC_405_22><Provider_Name>Reliance</Provider_Name><APN>rcomnet</APN><User_Name></User_Name><Password></Password><CPIN></CPIN></MCC_MNC_405_22>
<MCC_MNC_405_23><Provider_Name>Reliance</Provider_Name><APN>rcomnet</APN><User_Name></User_Name><Password></Password><CPIN></CPIN></MCC_MNC_405_23>
<MCC_MNC_404_9><Provider_Name>Reliance</Provider_Name><APN>smartnet</APN><User_Name></User_Name><Password></Password><CPIN></CPIN></MCC_MNC_404_9>
<MCC_MNC_404_36><Provider_Name>Reliance</Provider_Name><APN>smartnet</APN><User_Name></User_Name><Password></Password><CPIN></CPIN></MCC_MNC_404_36>
<MCC_MNC_404_18><Provider_Name>Reliance</Provider_Name><APN>smartnet</APN><User_Name></User_Name><Password></Password><CPIN></CPIN></MCC_MNC_404_18>
<MCC_MNC_404_83><Provider_Name>Reliance</Provider_Name><APN>smartnet</APN><User_Name></User_Name><Password></Password><CPIN></CPIN></MCC_MNC_404_83>
<MCC_MNC_404_67><Provider_Name>Reliance</Provider_Name><APN>smartnet</APN><User_Name></User_Name><Password></Password><CPIN></CPIN></MCC_MNC_404_67>
<MCC_MNC_404_50><Provider_Name>Reliance</Provider_Name><APN>smartnet</APN><User_Name></User_Name><Password></Password><CPIN></CPIN></MCC_MNC_404_50>
<MCC_MNC_404_52><Provider_Name>Reliance</Provider_Name><APN>smartnet</APN><User_Name></User_Name><Password></Password><CPIN></CPIN></MCC_MNC_404_52>
<MCC_MNC_404_85><Provider_Name>Reliance</Provider_Name><APN>smartnet</APN><User_Name></User_Name><Password></Password><CPIN></CPIN></MCC_MNC_404_85>
<MCC_MNC_405_1><Provider_Name>Reliance</Provider_Name><APN>smartnet</APN><User_Name></User_Name><Password></Password><CPIN></CPIN></MCC_MNC_405_1>
<MCC_MNC_405_3><Provider_Name>Reliance</Provider_Name><APN>smartnet</APN><User_Name></User_Name><Password></Password><CPIN></CPIN></MCC_MNC_405_3>
<MCC_MNC_405_4><Provider_Name>Reliance</Provider_Name><APN>smartnet</APN><User_Name></User_Name><Password></Password><CPIN></CPIN></MCC_MNC_405_4>
<MCC_MNC_405_5><Provider_Name>Reliance</Provider_Name><APN>smartnet</APN><User_Name></User_Name><Password></Password><CPIN></CPIN></MCC_MNC_405_5>
<MCC_MNC_405_6><Provider_Name>Reliance</Provider_Name><APN>smartnet</APN><User_Name></User_Name><Password></Password><CPIN></CPIN></MCC_MNC_405_6>
<MCC_MNC_405_7><Provider_Name>Reliance</Provider_Name><APN>smartnet</APN><User_Name></User_Name><Password></Password><CPIN></CPIN></MCC_MNC_405_7>
<MCC_MNC_405_8><Provider_Name>Reliance</Provider_Name><APN>smartnet</APN><User_Name></User_Name><Password></Password><CPIN></CPIN></MCC_MNC_405_8>
<MCC_MNC_405_9><Provider_Name>Reliance</Provider_Name><APN>smartnet</APN><User_Name></User_Name><Password></Password><CPIN></CPIN></MCC_MNC_405_9>
<MCC_MNC_405_10><Provider_Name>Reliance</Provider_Name><APN>smartnet</APN><User_Name></User_Name><Password></Password><CPIN></CPIN></MCC_MNC_405_10>
<MCC_MNC_405_11><Provider_Name>Reliance</Provider_Name><APN>smartnet</APN><User_Name></User_Name><Password></Password><CPIN></CPIN></MCC_MNC_405_11>
<MCC_MNC_405_12><Provider_Name>Reliance</Provider_Name><APN>smartnet</APN><User_Name></User_Name><Password></Password><CPIN></CPIN></MCC_MNC_405_12>
<MCC_MNC_405_13><Provider_Name>Reliance</Provider_Name><APN>smartnet</APN><User_Name></User_Name><Password></Password><CPIN></CPIN></MCC_MNC_405_13>
<MCC_MNC_405_14><Provider_Name>Reliance</Provider_Name><APN>smartnet</APN><User_Name></User_Name><Password></Password><CPIN></CPIN></MCC_MNC_405_14>
<MCC_MNC_405_15><Provider_Name>Reliance</Provider_Name><APN>smartnet</APN><User_Name></User_Name><Password></Password><CPIN></CPIN></MCC_MNC_405_15>
<MCC_MNC_405_17><Provider_Name>Reliance</Provider_Name><APN>smartnet</APN><User_Name></User_Name><Password></Password><CPIN></CPIN></MCC_MNC_405_17>
<MCC_MNC_405_18><Provider_Name>Reliance</Provider_Name><APN>smartnet</APN><User_Name></User_Name><Password></Password><CPIN></CPIN></MCC_MNC_405_18>
<MCC_MNC_405_19><Provider_Name>Reliance</Provider_Name><APN>smartnet</APN><User_Name></User_Name><Password></Password><CPIN></CPIN></MCC_MNC_405_19>
<MCC_MNC_405_20><Provider_Name>Reliance</Provider_Name><APN>smartnet</APN><User_Name></User_Name><Password></Password><CPIN></CPIN></MCC_MNC_405_20>
<MCC_MNC_405_21><Provider_Name>Reliance</Provider_Name><APN>smartnet</APN><User_Name></User_Name><Password></Password><CPIN></CPIN></MCC_MNC_405_21>
<MCC_MNC_405_22><Provider_Name>Reliance</Provider_Name><APN>smartnet</APN><User_Name></User_Name><Password></Password><CPIN></CPIN></MCC_MNC_405_22>
<MCC_MNC_405_23><Provider_Name>Reliance</Provider_Name><APN>smartnet</APN><User_Name></User_Name><Password></Password><CPIN></CPIN></MCC_MNC_405_23>
<MCC_MNC_404_13><Provider_Name>Vodafone</Provider_Name><APN>www</APN><User_Name></User_Name><Password></Password><CPIN></CPIN></MCC_MNC_404_13>
<MCC_MNC_404_84><Provider_Name>Vodafone</Provider_Name><APN>www</APN><User_Name></User_Name><Password></Password><CPIN></CPIN></MCC_MNC_404_84>
<MCC_MNC_404_11><Provider_Name>Vodafone</Provider_Name><APN>www</APN><User_Name></User_Name><Password></Password><CPIN></CPIN></MCC_MNC_404_11>
<MCC_MNC_404_5><Provider_Name>Vodafone</Provider_Name><APN>www</APN><User_Name></User_Name><Password></Password><CPIN></CPIN></MCC_MNC_404_5>
<MCC_MNC_404_1><Provider_Name>Vodafone</Provider_Name><APN>www</APN><User_Name></User_Name><Password></Password><CPIN></CPIN></MCC_MNC_404_1>
<MCC_MNC_404_86><Provider_Name>Vodafone</Provider_Name><APN>www</APN><User_Name></User_Name><Password></Password><CPIN></CPIN></MCC_MNC_404_86>
<MCC_MNC_404_46><Provider_Name>Vodafone</Provider_Name><APN>www</APN><User_Name></User_Name><Password></Password><CPIN></CPIN></MCC_MNC_404_46>
<MCC_MNC_404_30><Provider_Name>Vodafone</Provider_Name><APN>www</APN><User_Name></User_Name><Password></Password><CPIN></CPIN></MCC_MNC_404_30>
<MCC_MNC_404_27><Provider_Name>Vodafone</Provider_Name><APN>www</APN><User_Name></User_Name><Password></Password><CPIN></CPIN></MCC_MNC_404_27>
<MCC_MNC_404_20><Provider_Name>Vodafone</Provider_Name><APN>www</APN><User_Name></User_Name><Password></Password><CPIN></CPIN></MCC_MNC_404_20>
<MCC_MNC_404_60><Provider_Name>Vodafone</Provider_Name><APN>www</APN><User_Name></User_Name><Password></Password><CPIN></CPIN></MCC_MNC_404_60>
<MCC_MNC_404_43><Provider_Name>Vodafone</Provider_Name><APN>www</APN><User_Name></User_Name><Password></Password><CPIN></CPIN></MCC_MNC_404_43>
<MCC_MNC_404_15><Provider_Name>Vodafone</Provider_Name><APN>www</APN><User_Name></User_Name><Password></Password><CPIN></CPIN></MCC_MNC_404_15>
<MCC_MNC_404_88><Provider_Name>Vodafone</Provider_Name><APN>www</APN><User_Name></User_Name><Password></Password><CPIN></CPIN></MCC_MNC_404_88>
<MCC_MNC_405_751><Provider_Name>Vodafone</Provider_Name><APN>www</APN><User_Name></User_Name><Password></Password><CPIN></CPIN></MCC_MNC_405_751>
<MCC_MNC_405_752><Provider_Name>Vodafone</Provider_Name><APN>www</APN><User_Name></User_Name><Password></Password><CPIN></CPIN></MCC_MNC_405_752>
<MCC_MNC_405_754><Provider_Name>Vodafone</Provider_Name><APN>www</APN><User_Name></User_Name><Password></Password><CPIN></CPIN></MCC_MNC_405_754>
<MCC_MNC_405_750><Provider_Name>Vodafone</Provider_Name><APN>www</APN><User_Name></User_Name><Password></Password><CPIN></CPIN></MCC_MNC_405_750>
<MCC_MNC_405_756><Provider_Name>Vodafone</Provider_Name><APN>www</APN><User_Name></User_Name><Password></Password><CPIN></CPIN></MCC_MNC_405_756>
<MCC_MNC_405_755><Provider_Name>Vodafone</Provider_Name><APN>www</APN><User_Name></User_Name><Password></Password><CPIN></CPIN></MCC_MNC_405_755>
<MCC_MNC_405_753><Provider_Name>Vodafone</Provider_Name><APN>www</APN><User_Name></User_Name><Password></Password><CPIN></CPIN></MCC_MNC_405_753>
<MCC_MNC_405_66><Provider_Name>Vodafone</Provider_Name><APN>www</APN><User_Name></User_Name><Password></Password><CPIN></CPIN></MCC_MNC_405_66>
<MCC_MNC_405_67><Provider_Name>Vodafone</Provider_Name><APN>www</APN><User_Name></User_Name><Password></Password><CPIN></CPIN></MCC_MNC_405_67>
<MCC_MNC_405_25><Provider_Name>TATA Docomo</Provider_Name><APN>TATA.DOCOMO.INTERNET</APN><User_Name></User_Name><Password></Password><CPIN></CPIN></MCC_MNC_405_25>
<MCC_MNC_405_26><Provider_Name>TATA Docomo</Provider_Name><APN>TATA.DOCOMO.INTERNET</APN><User_Name></User_Name><Password></Password><CPIN></CPIN></MCC_MNC_405_26>
<MCC_MNC_405_27><Provider_Name>TATA Docomo</Provider_Name><APN>TATA.DOCOMO.INTERNET</APN><User_Name></User_Name><Password></Password><CPIN></CPIN></MCC_MNC_405_27>
<MCC_MNC_405_28><Provider_Name>TATA Docomo</Provider_Name><APN>TATA.DOCOMO.INTERNET</APN><User_Name></User_Name><Password></Password><CPIN></CPIN></MCC_MNC_405_28>
<MCC_MNC_405_29><Provider_Name>TATA Docomo</Provider_Name><APN>TATA.DOCOMO.INTERNET</APN><User_Name></User_Name><Password></Password><CPIN></CPIN></MCC_MNC_405_29>
<MCC_MNC_405_30><Provider_Name>TATA Docomo</Provider_Name><APN>TATA.DOCOMO.INTERNET</APN><User_Name></User_Name><Password></Password><CPIN></CPIN></MCC_MNC_405_30>
<MCC_MNC_405_31><Provider_Name>TATA Docomo</Provider_Name><APN>TATA.DOCOMO.INTERNET</APN><User_Name></User_Name><Password></Password><CPIN></CPIN></MCC_MNC_405_31>
<MCC_MNC_405_32><Provider_Name>TATA Docomo</Provider_Name><APN>TATA.DOCOMO.INTERNET</APN><User_Name></User_Name><Password></Password><CPIN></CPIN></MCC_MNC_405_32>
<MCC_MNC_405_33><Provider_Name>TATA Docomo</Provider_Name><APN>TATA.DOCOMO.INTERNET</APN><User_Name></User_Name><Password></Password><CPIN></CPIN></MCC_MNC_405_33>
<MCC_MNC_405_34><Provider_Name>TATA Docomo</Provider_Name><APN>TATA.DOCOMO.INTERNET</APN><User_Name></User_Name><Password></Password><CPIN></CPIN></MCC_MNC_405_34>
<MCC_MNC_405_35><Provider_Name>TATA Docomo</Provider_Name><APN>TATA.DOCOMO.INTERNET</APN><User_Name></User_Name><Password></Password><CPIN></CPIN></MCC_MNC_405_35>
<MCC_MNC_405_36><Provider_Name>TATA Docomo</Provider_Name><APN>TATA.DOCOMO.INTERNET</APN><User_Name></User_Name><Password></Password><CPIN></CPIN></MCC_MNC_405_36>
<MCC_MNC_405_37><Provider_Name>TATA Docomo</Provider_Name><APN>TATA.DOCOMO.INTERNET</APN><User_Name></User_Name><Password></Password><CPIN></CPIN></MCC_MNC_405_37>
<MCC_MNC_405_38><Provider_Name>TATA Docomo</Provider_Name><APN>TATA.DOCOMO.INTERNET</APN><User_Name></User_Name><Password></Password><CPIN></CPIN></MCC_MNC_405_38>
<MCC_MNC_405_39><Provider_Name>TATA Docomo</Provider_Name><APN>TATA.DOCOMO.INTERNET</APN><User_Name></User_Name><Password></Password><CPIN></CPIN></MCC_MNC_405_39>
<MCC_MNC_405_40><Provider_Name>TATA Docomo</Provider_Name><APN>TATA.DOCOMO.INTERNET</APN><User_Name></User_Name><Password></Password><CPIN></CPIN></MCC_MNC_405_40>
<MCC_MNC_405_41><Provider_Name>TATA Docomo</Provider_Name><APN>TATA.DOCOMO.INTERNET</APN><User_Name></User_Name><Password></Password><CPIN></CPIN></MCC_MNC_405_41>
<MCC_MNC_405_42><Provider_Name>TATA Docomo</Provider_Name><APN>TATA.DOCOMO.INTERNET</APN><User_Name></User_Name><Password></Password><CPIN></CPIN></MCC_MNC_405_42>
<MCC_MNC_405_43><Provider_Name>TATA Docomo</Provider_Name><APN>TATA.DOCOMO.INTERNET</APN><User_Name></User_Name><Password></Password><CPIN></CPIN></MCC_MNC_405_43>
<MCC_MNC_405_44><Provider_Name>TATA Docomo</Provider_Name><APN>TATA.DOCOMO.INTERNET</APN><User_Name></User_Name><Password></Password><CPIN></CPIN></MCC_MNC_405_44>
<MCC_MNC_405_45><Provider_Name>TATA Docomo</Provider_Name><APN>TATA.DOCOMO.INTERNET</APN><User_Name></User_Name><Password></Password><CPIN></CPIN></MCC_MNC_405_45>
<MCC_MNC_405_46><Provider_Name>TATA Docomo</Provider_Name><APN>TATA.DOCOMO.INTERNET</APN><User_Name></User_Name><Password></Password><CPIN></CPIN></MCC_MNC_405_46>
<!--  MEDATA  -->
<MCC_MNC_262_01><Provider_Name>DE - T-Mobile Deutschland GmbH</Provider_Name><APN>internet.t-mobile</APN><User_Name>tm</User_Name><Password>tm</Password><CPIN></CPIN></MCC_MNC_262_01>
<MCC_MNC_262_02><Provider_Name>DE - Vodafone D2 GmbH</Provider_Name><APN>web.vodafone.de</APN><User_Name></User_Name><Password></Password><CPIN></CPIN></MCC_MNC_262_02>
<MCC_MNC_262_02><Provider_Name>DE - Vodafone D2 GmbH – M2M</Provider_Name><APN>m2m.vodafone.de</APN><User_Name></User_Name><Password></Password><CPIN></CPIN></MCC_MNC_262_02>
<MCC_MNC_262_03><Provider_Name>DE - E-Plus Service GmbH &amp; Co. KG</Provider_Name><APN>internet.eplus.de</APN><User_Name></User_Name><Password></Password><CPIN></CPIN></MCC_MNC_262_03>
<MCC_MNC_262_07><Provider_Name>DE - o2 (Germany) GmbH &amp; Co. OHG</Provider_Name><APN>surfo2</APN><User_Name></User_Name><Password></Password><CPIN></CPIN></MCC_MNC_262_07>
<MCC_MNC_262_08><Provider_Name>DE - o2 (Germany) GmbH &amp; Co. OHG</Provider_Name><APN>surfo2</APN><User_Name></User_Name><Password></Password><CPIN></CPIN></MCC_MNC_262_08>
<MCC_MNC_214_07><Provider_Name>DE - o2 Telefonica</Provider_Name><APN>gppsm2m.telefonica.com</APN><User_Name>x</User_Name><Password>x</Password><CPIN></CPIN></MCC_MNC_214_07>
<MCC_MNC_240_01><Provider_Name>SE - TeliaSonera AB</Provider_Name><APN>nline.telia.se</APN><User_Name></User_Name><Password></Password><CPIN></CPIN></MCC_MNC_240_01>
<MCC_MNC_240_01><Provider_Name>SE – Maingate</Provider_Name><APN>maingate.telia.se</APN><User_Name></User_Name><Password></Password><CPIN></CPIN></MCC_MNC_240_01>
<MCC_MNC_232_05><Provider_Name>SE – Maingate</Provider_Name><APN>wap.one.at</APN><User_Name>wap</User_Name><Password>wap</Password><CPIN></CPIN></MCC_MNC_232_05>
<MCC_MNC_295_05><Provider_Name>Datamobile AT</Provider_Name><APN>datamobile.ag</APN><User_Name></User_Name><Password></Password><CPIN></CPIN></MCC_MNC_295_05>
<MCC_MNC_232_03><Provider_Name>AT - T-Mobile Austria GmbH</Provider_Name><APN>gprsinternet</APN><User_Name></User_Name><Password></Password><CPIN></CPIN></MCC_MNC_232_03>
<MCC_MNC_232_01><Provider_Name>AT - A1 Telekom Austria AG</Provider_Name><APN>a1.net</APN><User_Name>ppp@A1plus.at</User_Name><Password>ppp</Password><CPIN></CPIN></MCC_MNC_232_01>
<MCC_MNC_232_07><Provider_Name>AT - tele.ring Austria</Provider_Name><APN>wap</APN><User_Name>wap@telering.at</User_Name><Password>wap</Password><CPIN></CPIN></MCC_MNC_232_07>
<MCC_MNC_232_10><Provider_Name>AT – 3</Provider_Name><APN>drei.at</APN><User_Name></User_Name><Password></Password><CPIN></CPIN></MCC_MNC_232_10>
<MCC_MNC_295_05><Provider_Name>AT - Telekom Austria Group M2M GmbH</Provider_Name><APN>m2m.tag.com</APN><User_Name>tagm2m</User_Name><Password>m2m572</Password><CPIN></CPIN></MCC_MNC_295_05>
<MCC_MNC_208_20><Provider_Name>FR – Bouygues</Provider_Name><APN>ebouygtel.com</APN><User_Name></User_Name><Password></Password><CPIN></CPIN></MCC_MNC_208_20>
<MCC_MNC_208_10><Provider_Name>FR - SFR France</Provider_Name><APN>websfr</APN><User_Name></User_Name><Password></Password><CPIN></CPIN></MCC_MNC_208_10>
<MCC_MNC_208_01><Provider_Name>FR - Orange2 France</Provider_Name><APN>orange</APN><User_Name>orange</User_Name><Password>orange</Password><CPIN></CPIN></MCC_MNC_208_01>
<MCC_MNC_208_01><Provider_Name>FR - Orange France</Provider_Name><APN>orange.fr</APN><User_Name>orange</User_Name><Password>orange</Password><CPIN></CPIN></MCC_MNC_208_01>
<MCC_MNC_222_10><Provider_Name>IT - Vodafone Omnitel</Provider_Name><APN>web.omnitel.it</APN><User_Name></User_Name><Password></Password><CPIN></CPIN></MCC_MNC_222_10>
<MCC_MNC_222_10><Provider_Name>IT – Vodafone</Provider_Name><APN>web.vodafone.it</APN><User_Name></User_Name><Password></Password><CPIN></CPIN></MCC_MNC_222_10>
<MCC_MNC_222_01><Provider_Name>IT - TIM Italy</Provider_Name><APN>uni.tim.it</APN><User_Name></User_Name><Password></Password><CPIN></CPIN></MCC_MNC_222_01>
<MCC_MNC_222_01><Provider_Name>IT - TIM2 Italy</Provider_Name><APN>ibox.tim.it</APN><User_Name></User_Name><Password></Password><CPIN></CPIN></MCC_MNC_222_01>
<MCC_MNC_222_88><Provider_Name>IT - Wind Italy</Provider_Name><APN>internet.wind</APN><User_Name>wind</User_Name><Password>wind</Password><CPIN></CPIN></MCC_MNC_222_88>
<MCC_MNC_222_88><Provider_Name>IT - Wind2 Italy</Provider_Name><APN>internet.wind</APN><User_Name></User_Name><Password></Password><CPIN></CPIN></MCC_MNC_222_88>
<MCC_MNC_228_01><Provider_Name>CH – Swisscom</Provider_Name><APN>gprs.swisscom.ch</APN><User_Name></User_Name><Password></Password><CPIN></CPIN></MCC_MNC_228_01>
<MCC_MNC_228_01><Provider_Name>CH – Swisscom2</Provider_Name><APN>gprs.swisscom.ch</APN><User_Name>gprs</User_Name><Password>gprs</Password><CPIN></CPIN></MCC_MNC_228_01>
<MCC_MNC_228_01><Provider_Name>CH - Swisscom (M2M)</Provider_Name><APN>shared.m2m.ch</APN><User_Name></User_Name><Password></Password><CPIN></CPIN></MCC_MNC_228_01>
<MCC_MNC_228_02><Provider_Name>CH – Sunrise</Provider_Name><APN>internet</APN><User_Name>internet</User_Name><Password>internet</Password><CPIN></CPIN></MCC_MNC_228_02>
<MCC_MNC_228_03><Provider_Name>CH – Orange</Provider_Name><APN>internet</APN><User_Name></User_Name><Password></Password><CPIN></CPIN></MCC_MNC_228_03>
<MCC_MNC_238_02><Provider_Name>DK – Telenor</Provider_Name><APN>internet</APN><User_Name></User_Name><Password></Password><CPIN></CPIN></MCC_MNC_238_02>
<MCC_MNC_238_02><Provider_Name>DK – Sonofon</Provider_Name><APN>internet</APN><User_Name></User_Name><Password></Password><CPIN></CPIN></MCC_MNC_238_02>
<MCC_MNC_274_02><Provider_Name>IS - Og Vodafone</Provider_Name><APN>gprs.is</APN><User_Name></User_Name><Password></Password><CPIN></CPIN></MCC_MNC_274_02>
<MCC_MNC_242_01><Provider_Name>NO – Telenor</Provider_Name><APN>telenor</APN><User_Name></User_Name><Password></Password><CPIN></CPIN></MCC_MNC_242_01>
<MCC_MNC_244_05><Provider_Name>FI – Elisa</Provider_Name><APN>internet</APN><User_Name></User_Name><Password></Password><CPIN></CPIN></MCC_MNC_244_05>
<MCC_MNC_244_91><Provider_Name>FI – Sonera</Provider_Name><APN>internet</APN><User_Name></User_Name><Password></Password><CPIN></CPIN></MCC_MNC_244_91>
<MCC_MNC_248_01><Provider_Name>EE – EMT</Provider_Name><APN>internet.emt.ee</APN><User_Name></User_Name><Password></Password><CPIN></CPIN></MCC_MNC_248_01>
<MCC_MNC_295_05><Provider_Name>FL – datamobile</Provider_Name><APN>datamobile.ag</APN><User_Name>data@datamobile.ag</User_Name><Password>dmag</Password><CPIN></CPIN></MCC_MNC_295_05>
<MCC_MNC_246_01><Provider_Name>LT – Omnitel</Provider_Name><APN>gprs.omnitel.net</APN><User_Name></User_Name><Password></Password><CPIN></CPIN></MCC_MNC_246_01>
<MCC_MNC_247_01><Provider_Name>LV – LMT</Provider_Name><APN>internet.lmt.lv</APN><User_Name></User_Name><Password></Password><CPIN></CPIN></MCC_MNC_247_01>
<MCC_MNC_204_16><Provider_Name>NL – T-Mobile</Provider_Name><APN>internet</APN><User_Name></User_Name><Password></Password><CPIN></CPIN></MCC_MNC_204_16>
<MCC_MNC_204_16><Provider_Name>NL – T-Mobile-1</Provider_Name><APN>internet</APN><User_Name>t-mobile</User_Name><Password>t-mobile</Password><CPIN></CPIN></MCC_MNC_204_16>
<MCC_MNC_204_16><Provider_Name>NL – T-Mobile-2</Provider_Name><APN>internet</APN><User_Name>tmobile</User_Name><Password>tmobile</Password><CPIN></CPIN></MCC_MNC_204_16>
<MCC_MNC_204_04><Provider_Name>NL – Vodafone</Provider_Name><APN>web.vodafone.nl</APN><User_Name>vodafone</User_Name><Password>vodafone</Password><CPIN></CPIN></MCC_MNC_204_04>
<MCC_MNC_204_04><Provider_Name>NL – Vodafone-b</Provider_Name><APN>office.vodafone.nl</APN><User_Name>vodafone</User_Name><Password>vodafone</Password><CPIN></CPIN></MCC_MNC_204_04>
<MCC_MNC_204_12><Provider_Name>NL – O2</Provider_Name><APN>internet</APN><User_Name>gprs</User_Name><Password>password</Password><CPIN></CPIN></MCC_MNC_204_12>
<MCC_MNC_204_12><Provider_Name>NL – O2-1</Provider_Name><APN>internet</APN><User_Name></User_Name><Password></Password><CPIN></CPIN></MCC_MNC_204_12>
<MCC_MNC_204_08><Provider_Name>NL – KPN</Provider_Name><APN>internet</APN><User_Name>KPN</User_Name><Password>gprs</Password><CPIN></CPIN></MCC_MNC_204_08>
<MCC_MNC_204_08><Provider_Name>NL – KPN-1</Provider_Name><APN>internet</APN><User_Name></User_Name><Password></Password><CPIN></CPIN></MCC_MNC_204_08>
<MCC_MNC_204_20><Provider_Name>NL – Orange</Provider_Name><APN>internet</APN><User_Name></User_Name><Password></Password><CPIN></CPIN></MCC_MNC_204_20>
<MCC_MNC_206_01><Provider_Name>BE – Proximus</Provider_Name><APN>internet.proximus.be</APN><User_Name></User_Name><Password></Password><CPIN></CPIN></MCC_MNC_206_01>
<MCC_MNC_206_10><Provider_Name>BE - Orange Bstar</Provider_Name><APN>web.pro.be</APN><User_Name>mobistar</User_Name><Password>mobistar</Password><CPIN></CPIN></MCC_MNC_206_10>
<MCC_MNC_206_10><Provider_Name>BE – Mobistar</Provider_Name><APN>mworld.be</APN><User_Name></User_Name><Password></Password><CPIN></CPIN></MCC_MNC_206_10>
<MCC_MNC_214_01><Provider_Name>ES – Vodafone1</Provider_Name><APN>ac.vodafone.es</APN><User_Name>vodafone</User_Name><Password>vodafone</Password><CPIN></CPIN></MCC_MNC_214_01>
<MCC_MNC_214_01><Provider_Name>ES – Vodafone2</Provider_Name><APN>airtelnet.es</APN><User_Name>vodafone</User_Name><Password>vodafone</Password><CPIN></CPIN></MCC_MNC_214_01>
<MCC_MNC_214_01><Provider_Name>ES – Vodafone3</Provider_Name><APN>airtelwap.es</APN><User_Name>wap@wap</User_Name><Password>wap125</Password><CPIN></CPIN></MCC_MNC_214_01>
<MCC_MNC_214_01><Provider_Name>ES – Vodafone4</Provider_Name><APN>internet</APN><User_Name>vodafone</User_Name><Password>vodafone</Password><CPIN></CPIN></MCC_MNC_214_01>
<MCC_MNC_214_03><Provider_Name>ES – Amena</Provider_Name><APN>internet</APN><User_Name>CLIENTE</User_Name><Password>AMENA</Password><CPIN></CPIN></MCC_MNC_214_03>
<MCC_MNC_214_03><Provider_Name>ES – Orange</Provider_Name><APN>internet</APN><User_Name>Internet</User_Name><Password>Orange</Password><CPIN></CPIN></MCC_MNC_214_03>
<MCC_MNC_214_07><Provider_Name>ES – Telefonica</Provider_Name><APN>movistar.es</APN><User_Name>movistar</User_Name><Password>movistar</Password><CPIN></CPIN></MCC_MNC_214_07>
<MCC_MNC_260_01><Provider_Name>PL - Plus PolKom</Provider_Name><APN>www.plusgsm.pl</APN><User_Name></User_Name><Password></Password><CPIN></CPIN></MCC_MNC_260_01>
<MCC_MNC_260_02><Provider_Name>PL – ERA</Provider_Name><APN>erainternet</APN><User_Name>erainternet</User_Name><Password>erainternet</Password><CPIN></CPIN></MCC_MNC_260_02>
<MCC_MNC_260_01><Provider_Name>PL - ERA Wap</Provider_Name><APN>erawap</APN><User_Name>erawap</User_Name><Password>erawap</Password><CPIN></CPIN></MCC_MNC_260_01>
<MCC_MNC_260_02><Provider_Name>PL – Heyah</Provider_Name><APN>heyah.pl</APN><User_Name>heyah</User_Name><Password>heyah</Password><CPIN></CPIN></MCC_MNC_260_02>
<MCC_MNC_260_03><Provider_Name>PL – Idea</Provider_Name><APN>www.idea.pl</APN><User_Name>idea</User_Name><Password>idea</Password><CPIN></CPIN></MCC_MNC_260_03>
<MCC_MNC_260_03><Provider_Name>PL – Orange</Provider_Name><APN>internet</APN><User_Name>internet</User_Name><Password>internet</Password><CPIN></CPIN></MCC_MNC_260_03>
<MCC_MNC_268_01><Provider_Name>PT - Vodafone Tcel</Provider_Name><APN>internet.vodafone.pt</APN><User_Name></User_Name><Password></Password><CPIN></CPIN></MCC_MNC_268_01>
<MCC_MNC_268_03><Provider_Name>PT – Optimus</Provider_Name><APN>internet</APN><User_Name></User_Name><Password></Password><CPIN></CPIN></MCC_MNC_268_03>
<MCC_MNC_268_06><Provider_Name>PT – TMN</Provider_Name><APN>internet</APN><User_Name></User_Name><Password></Password><CPIN></CPIN></MCC_MNC_268_06>
<MCC_MNC_202_05><Provider_Name>GR - Vodafone Hellas</Provider_Name><APN>internet.vodafone.gr</APN><User_Name></User_Name><Password></Password><CPIN></CPIN></MCC_MNC_202_05>
<MCC_MNC_216_01><Provider_Name>HU – Telenor</Provider_Name><APN>net</APN><User_Name></User_Name><Password></Password><CPIN></CPIN></MCC_MNC_216_01>
<MCC_MNC_216_30><Provider_Name>HU – T-Mobile</Provider_Name><APN>internet</APN><User_Name></User_Name><Password></Password><CPIN></CPIN></MCC_MNC_216_30>
<MCC_MNC_216_70><Provider_Name>HU – Vodafone</Provider_Name><APN>internet.vodafone.net</APN><User_Name></User_Name><Password></Password><CPIN></CPIN></MCC_MNC_216_70>
<MCC_MNC_230_01><Provider_Name>CZ – T-Mobile</Provider_Name><APN>internet</APN><User_Name></User_Name><Password></Password><CPIN></CPIN></MCC_MNC_230_01>
<MCC_MNC_230_02><Provider_Name>CZ – O2</Provider_Name><APN>internet</APN><User_Name></User_Name><Password></Password><CPIN></CPIN></MCC_MNC_230_02>
<MCC_MNC_230_03><Provider_Name>CZ – Vodafone</Provider_Name><APN>internet</APN><User_Name></User_Name><Password></Password><CPIN></CPIN></MCC_MNC_230_03>
<MCC_MNC_286_02><Provider_Name>TR – Vodafone</Provider_Name><APN>internet</APN><User_Name>vodafone</User_Name><Password>vodafone</Password><CPIN></CPIN></MCC_MNC_286_02>
<MCC_MNC_284_01><Provider_Name>BG – M-Tel</Provider_Name><APN>inet-gprs.mtel.bg</APN><User_Name></User_Name><Password></Password><CPIN></CPIN></MCC_MNC_284_01>
<MCC_MNC_284_03><Provider_Name>BG – Vivacom</Provider_Name><APN>internet.vivacom.bg</APN><User_Name>vivacom</User_Name><Password>vivacom</Password><CPIN></CPIN></MCC_MNC_284_03>
<MCC_MNC_284_05><Provider_Name>BG – Globul</Provider_Name><APN>internet.globul.bg</APN><User_Name>globul</User_Name><Password></Password><CPIN></CPIN></MCC_MNC_284_05>
<MCC_MNC_226_01><Provider_Name>RO – Vodafone</Provider_Name><APN>internet.vodafone.ro</APN><User_Name>internet.vodafone.ro</User_Name><Password>vodafone</Password><CPIN></CPIN></MCC_MNC_226_01>
<MCC_MNC_226_10><Provider_Name>RO Orange</Provider_Name><APN>internet</APN><User_Name>Internet</User_Name><Password>Orange</Password><CPIN></CPIN></MCC_MNC_226_10>
<MCC_MNC_293_41><Provider_Name>SI – Mobitel</Provider_Name><APN>internet</APN><User_Name>mobitel</User_Name><Password>internet</Password><CPIN></CPIN></MCC_MNC_293_41>
<MCC_MNC_293_40><Provider_Name>SI – Simobil</Provider_Name><APN>internet.simobil.si</APN><User_Name>simobil</User_Name><Password>internet</Password><CPIN></CPIN></MCC_MNC_293_40>
<MCC_MNC_293_64><Provider_Name>SI – T-2</Provider_Name><APN>internet.t-2.net</APN><User_Name></User_Name><Password></Password><CPIN></CPIN></MCC_MNC_293_64>
<MCC_MNC_293_70><Provider_Name>SI – Tusmobil</Provider_Name><APN>internet.tusmobil.si</APN><User_Name>tusmobil</User_Name><Password>internet</Password><CPIN></CPIN></MCC_MNC_293_70>
<MCC_MNC_420_01><Provider_Name>SA - STC Saudi Telecom</Provider_Name><APN>jawalnet.com.sa</APN><User_Name></User_Name><Password></Password><CPIN></CPIN></MCC_MNC_420_01>
<MCC_MNC_420_03><Provider_Name>SA – Mobily</Provider_Name><APN>web1</APN><User_Name></User_Name><Password></Password><CPIN></CPIN></MCC_MNC_420_03>
<MCC_MNC_420_03><Provider_Name>SA - Mobily (prepaid)</Provider_Name><APN>web2</APN><User_Name></User_Name><Password></Password><CPIN></CPIN></MCC_MNC_420_03>
<MCC_MNC_420_04><Provider_Name>SA - Zain SA</Provider_Name><APN>zain</APN><User_Name></User_Name><Password></Password><CPIN></CPIN></MCC_MNC_420_04>
<MCC_MNC_255_03><Provider_Name>UKR – Kyivstar</Provider_Name><APN>www.kyivstar.net</APN><User_Name></User_Name><Password></Password><CPIN></CPIN></MCC_MNC_255_03>
<MCC_MNC_250_99><Provider_Name>RU – Beeline</Provider_Name><APN>internet.beeline.ru</APN><User_Name>beeline</User_Name><Password>beeline</Password><CPIN></CPIN></MCC_MNC_250_99>
<MCC_MNC_250_02><Provider_Name>RU – Megafon</Provider_Name><APN>internet.megafone.ru</APN><User_Name>megafone</User_Name><Password>megafone</Password><CPIN></CPIN></MCC_MNC_250_02>
<MCC_MNC_250_02><Provider_Name>RU - Megafon 2</Provider_Name><APN>internet</APN><User_Name></User_Name><Password></Password><CPIN></CPIN></MCC_MNC_250_02>
<MCC_MNC_250_02><Provider_Name>RU - Megafon 3</Provider_Name><APN>internet.nw</APN><User_Name></User_Name><Password></Password><CPIN></CPIN></MCC_MNC_250_02>
<MCC_MNC_250_02><Provider_Name>RU - Megafon 4</Provider_Name><APN>internet.dv</APN><User_Name></User_Name><Password></Password><CPIN></CPIN></MCC_MNC_250_02>
<MCC_MNC_250_02><Provider_Name>RU - Megafon 5</Provider_Name><APN>internet.kvk</APN><User_Name></User_Name><Password></Password><CPIN></CPIN></MCC_MNC_250_02>
<MCC_MNC_250_02><Provider_Name>RU - Megafon 6</Provider_Name><APN>internet.ltmsk</APN><User_Name></User_Name><Password></Password><CPIN></CPIN></MCC_MNC_250_02>
<MCC_MNC_250_02><Provider_Name>RU - Megafon 7</Provider_Name><APN>internet.msk</APN><User_Name></User_Name><Password></Password><CPIN></CPIN></MCC_MNC_250_02>
<MCC_MNC_250_02><Provider_Name>RU - Megafon 8</Provider_Name><APN>internet.mc</APN><User_Name></User_Name><Password></Password><CPIN></CPIN></MCC_MNC_250_02>
<MCC_MNC_250_02><Provider_Name>RU - Megafon 9</Provider_Name><APN>internet.sib</APN><User_Name></User_Name><Password></Password><CPIN></CPIN></MCC_MNC_250_02>
<MCC_MNC_250_02><Provider_Name>RU - Megafon 10</Provider_Name><APN>internet.ugsm</APN><User_Name></User_Name><Password></Password><CPIN></CPIN></MCC_MNC_250_02>
<MCC_MNC_250_02><Provider_Name>RU - Megafon 11</Provider_Name><APN>internet.usi.ru</APN><User_Name></User_Name><Password></Password><CPIN></CPIN></MCC_MNC_250_02>
<MCC_MNC_250_02><Provider_Name>RU - Megafon 12</Provider_Name><APN>internet.volga</APN><User_Name></User_Name><Password></Password><CPIN></CPIN></MCC_MNC_250_02>
<MCC_MNC_250_01><Provider_Name>RU – MTS</Provider_Name><APN>internet.mts.ru</APN><User_Name>mts</User_Name><Password>mts</Password><CPIN></CPIN></MCC_MNC_250_01>
<MCC_MNC_250_20><Provider_Name>RU – Tele2</Provider_Name><APN>internet.tele2.ru</APN><User_Name></User_Name><Password></Password><CPIN></CPIN></MCC_MNC_250_20>
<MCC_MNC_250_35><Provider_Name>RU – Motiv</Provider_Name><APN>inet.ycc.ru</APN><User_Name>motiv</User_Name><Password>motiv</Password><CPIN></CPIN></MCC_MNC_250_35>
<MCC_MNC_250_07><Provider_Name>RU – Smarts2</Provider_Name><APN>internet.smarts.ru</APN><User_Name>n@k</User_Name><Password>nok</Password><CPIN></CPIN></MCC_MNC_250_07>
<MCC_MNC__><Provider_Name>RU – Smarts</Provider_Name><APN>c</APN><User_Name></User_Name><Password></Password><CPIN></CPIN></MCC_MNC__>
<MCC_MNC__><Provider_Name>RU – NTC</Provider_Name><APN>internet.ntc</APN><User_Name></User_Name><Password></Password><CPIN></CPIN></MCC_MNC__>
</GsmConfigs>

